DROP DATABASE IF EXISTS vidyomonit_test;

CREATE DATABASE vidyomonit_test;

USE vidyomonit_test;

DROP TABLE IF EXISTS `NetworkElementConfiguration`;
CREATE TABLE `NetworkElementConfiguration` (  `Identifier` varchar(128) NOT NULL DEFAULT '',  `DisplayName` varchar(256) NOT NULL DEFAULT '',  `ComponentType` varchar(32) NOT NULL DEFAULT '',  `IpAddress` varchar(256) DEFAULT NULL,  `WebApplicationURL` varchar(256) DEFAULT NULL,  `Data` text,  `RunningVersion` int(8) DEFAULT '0',  `Version` int(8) DEFAULT NULL,  `ExpirySeconds` int(8) DEFAULT '30',  `Alarm` text,  `SwVer` varchar(256) DEFAULT NULL,  `Status` enum('ACTIVE','INACTIVE','NEW') DEFAULT NULL,  `LastModified` datetime DEFAULT NULL,  `Heartbeat` datetime DEFAULT NULL,  PRIMARY KEY (`Identifier`),  KEY `ComponentType` (`ComponentType`,`IpAddress`)) ENGINE=MyISAM DEFAULT CHARSET=utf8;

INSERT INTO `NetworkElementConfiguration` (`Identifier`,`DisplayName`,`ComponentType`,`IpAddress`,`WebApplicationURL`,`Data`,`RunningVersion`,`Version`,`ExpirySeconds`,`Alarm`,`SwVer`,`Status`,`LastModified`,`Heartbeat`) VALUES ('Device1','DisplayName1','VidyoGateway','137.138.248.228','http://137.138.248.228','<VGConfig/>',-1,2,30,'\n','3.2.1(85)','ACTIVE','2012-01-13 14:23:42','2015-11-10 11:23:28');
INSERT INTO `NetworkElementConfiguration` (`Identifier`,`DisplayName`,`ComponentType`,`IpAddress`,`WebApplicationURL`,`Data`,`RunningVersion`,`Version`,`ExpirySeconds`,`Alarm`,`SwVer`,`Status`,`LastModified`,`Heartbeat`) VALUES ('Device2','DisplayName2','VidyoManager','137.138.248.230','https://137.138.248.230:443/vm2conf','<?xml version=\"1.0\" encoding=\"UTF-8\" standalone=\"yes\"?>\n<Config>\n    <DocumentVersion>8</DocumentVersion>\n    <SOAPAddressList>\n        <SOAPListenAddress>127.0.0.1:17995</SOAPListenAddress>\n    </SOAPAddressList>\n    <EMCPAddressList>\n        <EMCPListenAddress>vidyoportal.cern.ch:17992</EMCPListenAddress>\n    </EMCPAddressList>\n    <RMCPAddressList>\n        <RMCPListenAddress>vidyoportal.cern.ch:17991</RMCPListenAddress>\n    </RMCPAddressList>\n    <VidyoPortalAddressList>\n        <VidyoPortalConnectAddress>\n            <Uri>http://vidyoportal.cern.ch</Uri>\n        </VidyoPortalConnectAddress>\n    </VidyoPortalAddressList>\n    <SecurityEnabled>false</SecurityEnabled>\n    <DatabaseConfig>\n        <DBAddress></DBAddress>\n        <OdbcDSN></OdbcDSN>\n        <OdbcType></OdbcType>\n        <OdbcUID></OdbcUID>\n        <OdbcPwd></OdbcPwd>\n    </DatabaseConfig>\n    <LogFileName>vm.log</LogFileName>\n    <LogLevel>warning</LogLevel>\n    <MaxLogFileSizeKB>100000</MaxLogFileSizeKB>\n    <Stat></Stat>\n    <NumberOfThreads>3</NumberOfThreads>\n</Config>\n',8,8,30,'','TAG_VC3_3_2_005 ','ACTIVE','2015-09-11 14:16:49','2015-11-10 11:23:14');
INSERT INTO `NetworkElementConfiguration` (`Identifier`,`DisplayName`,`ComponentType`,`IpAddress`,`WebApplicationURL`,`Data`,`RunningVersion`,`Version`,`ExpirySeconds`,`Alarm`,`SwVer`,`Status`,`LastModified`,`Heartbeat`) VALUES ('Device3','DisplayName3','VidyoRouter','137.138.248.229','http://117.103.105.125:80/vr2conf','<?xml version=\"1.0\" encoding=\"UTF-8\" standalone=\"yes\"?>\n<Config>\n    <DocumentVersion>62</DocumentVersion>\n    <RouterName>RouterASGC</RouterName>\n    <CMCPAddressList>\n        <CMCPListenAddress>0.0.0.0:17990</CMCPListenAddress>\n    </CMCPAddressList>\n    <VidyoManagerAccess>Connect</VidyoManagerAccess>\n    <ListenVMList/>\n    <ConnectVMList>\n        <ConnectVM>\n            <Uri>8CC72AJU2B4135JR6A78WV8932AJFXAHK8EYTTNXDFNGZ00VM0001@vidyoportal.cern.ch:17991</Uri>\n            <Priority>3</Priority>\n        </ConnectVM>\n    </ConnectVMList>\n    <MediaPortRange>\n        <Start>50000</Start>\n        <End>65535</End>\n    </MediaPortRange>\n    <SecurityEnabled>false</SecurityEnabled>\n    <LogFileName>vr2.log</LogFileName>\n    <LogLevel>debug@VidyoRouter2 warning</LogLevel>\n    <MaxLogFileSizeKB>10000</MaxLogFileSizeKB>\n    <Stat></Stat>\n    <NumberOfThreads>3</NumberOfThreads>\n</Config>\n',62,62,30,'','TAG_VC3_3_2_005 ','ACTIVE','2015-09-11 14:18:04','2015-11-10 11:23:16');
INSERT INTO `NetworkElementConfiguration` (`Identifier`,`DisplayName`,`ComponentType`,`IpAddress`,`WebApplicationURL`,`Data`,`RunningVersion`,`Version`,`ExpirySeconds`,`Alarm`,`SwVer`,`Status`,`LastModified`,`Heartbeat`) VALUES ('Device4','DisplayName4','VidyoProxy','192.91.244.171','http://192.91.244.171:80/vp2conf','<?xml version=\"1.0\" encoding=\"UTF-8\" standalone=\"yes\"?><Config><URL>192.91.244.171:443</URL><Host>137.138.248.228</Host><Host>137.138.248.202</Host><Host>vidyoportal.cern.ch</Host><Host>117.103.105.125</Host><Host>137.138.248.205</Host><Host>193.48.95.65</Host><Host>109.105.124.84</Host><Host>192.91.244.171</Host><Host>137.138.248.229</Host><Host>193.109.175.223</Host><Host>141.52.27.20</Host><Host>130.199.5.6</Host><Host>137.138.248.252</Host><Host>192.91.244.172</Host><Host>206.12.154.62</Host><Host>137.138.248.242</Host><Host>131.154.1.49</Host><Host>145.100.5.199</Host><Host>130.246.196.46</Host><Host>137.138.248.252</Host><Host>131.225.111.220</Host><Host>207.75.165.83</Host><Host>192.91.244.178</Host><Host>192.91.244.179</Host><Host>192.91.244.180</Host><Host>137.138.248.204</Host><Host>207.75.165.80</Host><Host>128.142.242.246</Host><Host>128.142.243.110</Host><Host>128.142.200.53</Host><Host>188.184.134.111</Host><Host>75.98.89.249</Host><Host>196.24.243.2</Host></Config>',27,27,30,'','TAG_VC3_3_2_005 ','ACTIVE','2015-09-11 14:16:50','2015-11-10 11:23:32');


DROP TABLE IF EXISTS `ConferenceCall2`;
CREATE TABLE `ConferenceCall2` ( `CallID` int(11) NOT NULL AUTO_INCREMENT PRIMARY KEY, `UniqueCallID` varchar(20) DEFAULT NULL, `ConferenceName` varchar(200) DEFAULT NULL, `TenantName` varchar(128) DEFAULT NULL, `ConferenceType` char(2) DEFAULT NULL, `EndpointType` char(1) DEFAULT NULL, `CallerID` varchar(200) DEFAULT NULL, `CallerName` varchar(200) DEFAULT NULL, `JoinTime` datetime DEFAULT NULL, `LeaveTime` datetime DEFAULT NULL, `CallState` varchar(80) DEFAULT NULL, `Direction` char(1) DEFAULT NULL, `RouterID` varchar(128) DEFAULT NULL, `GWID` varchar(40) DEFAULT NULL, `GWPrefix` varchar(20) DEFAULT NULL, `ReferenceNumber` varchar(64) DEFAULT NULL, `ApplicationName` varchar(24) DEFAULT NULL, `ApplicationVersion` varchar(32) DEFAULT NULL, `ApplicationOs` varchar(24) DEFAULT NULL, `DeviceModel` varchar(50) DEFAULT NULL, `EndpointPublicIPAddress` varchar(48) NOT NULL DEFAULT '', `CallCompletionCode` char(1) NOT NULL DEFAULT '0', `Extension` varchar(64) DEFAULT NULL, `EndpointGUID` varchar(64) NOT NULL DEFAULT '', `AccessType` char(1) NOT NULL DEFAULT '', `RoomType` char(1) NOT NULL DEFAULT '', `RoomOwner` varchar(40) NOT NULL DEFAULT '' );

INSERT INTO `ConferenceCall2` (`TenantName`, `ConferenceType`, `EndpointType`, `RouterID`, `GWID`, `CallState`, `JoinTime`, `CallID`, `UniqueCallID`, `ConferenceName`, `CallerName`, `LeaveTime`) VALUES ('GATEWAY', 'C', 'D', 'Router2ID', NULL, 'IN PROGRESS', date_sub(now(), INTERVAL 22 HOUR), '111111', '111111111', 'SomeName', 'SomeCallerName', date_sub(now(), INTERVAL 21 HOUR ));
INSERT INTO `ConferenceCall2` (`TenantName`, `ConferenceType`, `EndpointType`, `RouterID`, `GWID`, `CallState`, `JoinTime`, `CallID`, `UniqueCallID`, `ConferenceName`, `CallerName`, `LeaveTime`) VALUES ('CERN', 'D', 'D', 'Router1ID', NULL, 'IN PROGRESS', date_sub(now(), INTERVAL 25 HOUR), '111112', '111111112', 'SomeName2', 'SomeCallerName2', date_sub(now(), INTERVAL 23 HOUR ));
INSERT INTO `ConferenceCall2` (`TenantName`, `ConferenceType`, `EndpointType`, `RouterID`, `GWID`, `CallState`, `JoinTime`, `CallID`, `UniqueCallID`, `ConferenceName`, `CallerName`, `LeaveTime`) VALUES ('CERN', 'C', 'G', 'Router3ID', NULL, 'IN PROGRESS', date_sub(now(), INTERVAL 21 HOUR), '111113', '111111113', 'SomeName', 'SomeCallerName', NULL);
INSERT INTO `ConferenceCall2` (`TenantName`, `ConferenceType`, `EndpointType`, `RouterID`, `GWID`, `CallState`, `JoinTime`, `CallID`, `UniqueCallID`, `ConferenceName`, `CallerName`, `LeaveTime`) VALUES ('CERN', 'C', 'G', 'Router1ID', NULL, 'IN PROGRESS', date_sub(now(), INTERVAL 47 HOUR), '111114', '111111114', 'SomeName3', 'SomeCallerName3', date_sub(now(), INTERVAL 45 HOUR ));
INSERT INTO `ConferenceCall2` (`TenantName`, `ConferenceType`, `EndpointType`, `RouterID`, `GWID`, `CallState`, `JoinTime`, `CallID`, `UniqueCallID`, `ConferenceName`, `CallerName`, `LeaveTime`) VALUES ('CERN', 'C', 'G', 'Router1ID', NULL, 'IN PROGRESS', date_sub(now(), INTERVAL 46 HOUR), '1111141', '1111111141', 'SomeName3', 'SomeCallerName3', date_sub(now(), INTERVAL 44 HOUR ));
INSERT INTO `ConferenceCall2` (`TenantName`, `ConferenceType`, `EndpointType`, `RouterID`, `GWID`, `CallState`, `JoinTime`, `CallID`, `UniqueCallID`, `ConferenceName`, `CallerName`, `LeaveTime`) VALUES (NULL, 'C', 'G', 'Router1ID', NULL, 'IN PROGRESS', date_sub(now(), INTERVAL 44 HOUR), '1111142', '1111111142', 'SomeName3', 'SomeCallerName3', date_sub(now(), INTERVAL 43 HOUR ));

INSERT INTO `ConferenceCall2` (`TenantName`, `ConferenceType`, `EndpointType`, `RouterID`, `GWID`, `CallState`, `JoinTime`, `CallID`, `UniqueCallID`, `ConferenceName`, `CallerName`, `LeaveTime`) VALUES ('CERN', 'C', 'G', 'Router7ID', NULL, 'IN PROGRESS', date_sub(now(), INTERVAL 11 DAY), '111115', '111111115', 'SomeName', 'SomeCallerName', date_sub(now(), INTERVAL 10 DAY ));
INSERT INTO `ConferenceCall2` (`TenantName`, `ConferenceType`, `EndpointType`, `RouterID`, `GWID`, `CallState`, `JoinTime`, `CallID`, `UniqueCallID`, `ConferenceName`, `CallerName`, `LeaveTime`) VALUES ('CERN', 'D', 'D', 'Router3ID', NULL, 'COMPLETED', date_sub(now(), INTERVAL 20 HOUR ), '111116', '111111116', 'SomeName', 'SomeCallerName', date_sub(now(), INTERVAL 19 HOUR ));
INSERT INTO `ConferenceCall2` (`TenantName`, `ConferenceType`, `EndpointType`, `RouterID`, `GWID`, `CallState`, `JoinTime`, `CallID`, `UniqueCallID`, `ConferenceName`, `CallerName`, `LeaveTime`) VALUES ('CERN', 'C', 'D', 'Router4ID', NULL, 'RING CANCELLED', date_sub(now(), INTERVAL 1 DAY), '111117', '111111117', 'SomeName', 'SomeCallerName', date_sub(now(), INTERVAL 22 HOUR ));
INSERT INTO `ConferenceCall2` (`TenantName`, `ConferenceType`, `EndpointType`, `RouterID`, `GWID`, `CallState`, `JoinTime`, `CallID`, `UniqueCallID`, `ConferenceName`, `CallerName`, `LeaveTime`) VALUES ('CERN', 'C', 'D', 'Router5ID', NULL, 'RING REJECTED', date_sub(now(), INTERVAL 1 DAY), '111118', '111111118', 'SomeName', 'SomeCallerName', date_sub(now(), INTERVAL 21 DAY ));
INSERT INTO `ConferenceCall2` (`TenantName`, `ConferenceType`, `EndpointType`, `RouterID`, `GWID`, `CallState`, `JoinTime`, `CallID`, `UniqueCallID`, `ConferenceName`, `CallerName`, `LeaveTime`) VALUES ('CERN', 'C', 'D', 'Router6ID', NULL, 'SERVER RESTART', date_sub(now(), INTERVAL 1 DAY), '111119', '111111119', 'SomeName', 'SomeCallerName', date_sub(now(), INTERVAL 20 DAY ));


DROP TABLE IF EXISTS `ClientInstallations`;
CREATE TABLE `ClientInstallations` ( `userName` varchar(128) NOT NULL DEFAULT '', `tenantName` varchar(128) DEFAULT '', `EID` varchar(64) DEFAULT '', `ipAddress` varchar(64) DEFAULT '', `hostName` varchar(64) DEFAULT '', `roomName` varchar(128) DEFAULT '', `roomOwner` varchar(64) DEFAULT '', `timeInstalled` timestamp NOT NULL DEFAULT CURRENT_TIMESTAMP );

INSERT INTO `ClientInstallations` ( `userName`, `tenantName`, `EID`, `ipAddress`, `hostName`, `roomName`, `roomOwner`, `timeInstalled` ) VALUES( 'someUser', 'Default', '00:00:00:00:00:00', '121.121.121.121', 'somehost', 'someRoom', 'someOwner', date_sub(now(), INTERVAL 20 HOUR) );
INSERT INTO `ClientInstallations` ( `userName`, `tenantName`, `EID`, `ipAddress`, `hostName`, `roomName`, `roomOwner`, `timeInstalled` ) VALUES( 'someUser1', 'CERN', '00:00:00:00:00:01', '121.121.121.121', 'somehost1', 'someRoom2', 'someOwner1', date_sub(now(), INTERVAL 21 HOUR) );
INSERT INTO `ClientInstallations` ( `userName`, `tenantName`, `EID`, `ipAddress`, `hostName`, `roomName`, `roomOwner`, `timeInstalled` ) VALUES( 'someUser2', 'CERN', '00:00:00:00:00:02', '121.121.121.123', 'somehost2', 'someRoom2', 'someOwner2', date_sub(now(), INTERVAL 22 HOUR) );
INSERT INTO `ClientInstallations` ( `userName`, `tenantName`, `EID`, `ipAddress`, `hostName`, `roomName`, `roomOwner`, `timeInstalled` ) VALUES( '', 'CERN', '00:00:00:00:00:02', '121.121.121.123', 'somehost2', 'someRoom2', 'someOwner2', date_sub(now(), INTERVAL 20 HOUR) );


DROP TABLE IF EXISTS `ClientInstallations2`;
CREATE TABLE `ClientInstallations2` ( `userName` varchar(168) NOT NULL, `displayName` varchar(128) DEFAULT NULL, `tenantName` varchar(128) DEFAULT NULL, `EID` varchar(64) DEFAULT NULL, `ipAddress` varchar(64) DEFAULT NULL, `hostName` varchar(64) DEFAULT NULL, `roomName` varchar(128) DEFAULT NULL, `roomOwner` varchar(64) DEFAULT NULL, `timeInstalled` timestamp NOT NULL DEFAULT CURRENT_TIMESTAMP );
INSERT INTO `ClientInstallations2` ( `userName`, `displayName`, `tenantName`, `EID`, `ipAddress`, `hostName`, `roomName`, `roomOwner`, `timeInstalled` ) VALUES( 'someUser4', 'SomeDisplayName4','Default', '00:00:00:00:00:04', '121.121.121.14', 'somehost4', 'someRoom4', 'someOwner4', date_sub(now(), INTERVAL 19 HOUR) );
INSERT INTO `ClientInstallations2` ( `userName`, `displayName`, `tenantName`, `EID`, `ipAddress`, `hostName`, `roomName`, `roomOwner`, `timeInstalled` ) VALUES( 'someUser4', 'SomeDisplayName5','CERN', '00:00:00:00:00:05', '121.121.121.5', 'somehost5', 'someRoom5', 'someOwner5', date_sub(now(), INTERVAL 18 HOUR) );
INSERT INTO `ClientInstallations2` ( `userName`, `displayName`, `tenantName`, `EID`, `ipAddress`, `hostName`, `roomName`, `roomOwner`, `timeInstalled` ) VALUES( '', 'SomeDisplayName6','CERN', '00:00:00:00:00:06', '121.121.121.6', 'somehost6', 'someRoom6', 'someOwner6', date_sub(now(), INTERVAL 17 HOUR) );


DROP TABLE IF EXISTS `Tenant`;
CREATE TABLE `Tenant` ( `tenantID` int(10) unsigned NOT NULL AUTO_INCREMENT PRIMARY KEY, `tenantName` varchar(128) NOT NULL, `tenantUrl` varchar(128) DEFAULT NULL, `description` text, `tenantPrefix` varchar(3) NOT NULL, `tenantDialIn` varchar(20) DEFAULT NULL, `tenantReplayUrl` varchar(128) DEFAULT NULL, `mobileLogin` int(1) DEFAULT '1', `vidyoGatewayControllerDns` varchar(128) DEFAULT NULL, `scheduledRoomEnabled` int(1) NOT NULL DEFAULT '1');
INSERT INTO `Tenant` ( `tenantID`, `tenantName`, `tenantPrefix`) VALUES ( 1, 'tenant1', 'tenantPrefix1' );
INSERT INTO `Tenant` ( `tenantID`, `tenantName`, `tenantPrefix`) VALUES ( 2, 'tenant2', 'tenantPrefix2' );
INSERT INTO `Tenant` ( `tenantID`, `tenantName`, `tenantPrefix`) VALUES ( 3, 'tenant3', 'tenantPrefix3' );


DROP TABLE IF EXISTS `Groups`;
CREATE TABLE `Groups` ( `groupID` int(10) unsigned NOT NULL AUTO_INCREMENT, `tenantID` int(10) unsigned NOT NULL DEFAULT '1', `routerID` int(10) unsigned NOT NULL DEFAULT '1', `secondaryRouterID` int(10) unsigned NOT NULL DEFAULT '1', `groupName` varchar(128) NOT NULL, `groupDescription` varchar(256) DEFAULT NULL, `defaultFlag` int(1) NOT NULL DEFAULT '0', `roomMaxUsers` int(10) unsigned NOT NULL DEFAULT '10', `userMaxBandWidthIn` int(10) unsigned NOT NULL DEFAULT '6000', `userMaxBandWidthOut` int(10) unsigned NOT NULL DEFAULT '6000', `allowRecording` int(1) NOT NULL DEFAULT '0', PRIMARY KEY (`groupID`) );
INSERT INTO `Groups` ( `groupID`, `tenantID`, `groupName` ) VALUES ( 1, 1, 'groupName1');
INSERT INTO `Groups` ( `groupID`, `tenantID`, `groupName` ) VALUES ( 2, 2, 'groupName2');
INSERT INTO `Groups` ( `groupID`, `tenantID`, `groupName` ) VALUES ( 3, 2, 'groupName3');


DROP TABLE IF EXISTS `MemberRole`;
CREATE TABLE `MemberRole` ( `roleID` int(10) unsigned NOT NULL AUTO_INCREMENT, `roleName` varchar(64) NOT NULL, `roleDescription` text NOT NULL, PRIMARY KEY (`roleID`) );
INSERT INTO `MemberRole` (`roleID`, `roleName`, `roleDescription`) VALUES (1, 'someRole', 'SomeDescription');
INSERT INTO `MemberRole` (`roleID`, `roleName`, `roleDescription`) VALUES (2, 'someRole2', 'SomeDescription2');
INSERT INTO `MemberRole` (`roleID`, `roleName`, `roleDescription`) VALUES (3, 'someRole3', 'SomeDescription3');


DROP TABLE IF EXISTS `RoomType`;
CREATE TABLE `RoomType` ( `roomTypeID` int(10) unsigned NOT NULL AUTO_INCREMENT, `roomType` varchar(128) NOT NULL, `roomTypeDescription` text, PRIMARY KEY (`roomTypeID`) );
INSERT INTO  `RoomType` (`roomTypeID`, `roomType`, `roomTypeDescription`) VALUES (1, 'Personal', 'PersonalRoom');
INSERT INTO  `RoomType` (`roomTypeID`, `roomType`, `roomTypeDescription`) VALUES (2, 'Public', 'PublicRoom');
INSERT INTO  `RoomType` (`roomTypeID`, `roomType`, `roomTypeDescription`) VALUES (3, 'Legacy', 'LegacyRoom');
INSERT INTO  `RoomType` (`roomTypeID`, `roomType`, `roomTypeDescription`) VALUES (4, 'Scheduled', 'ScheduledRoom');


DROP TABLE IF EXISTS `Room`;
CREATE TABLE `Room` ( `roomID` int(10) unsigned NOT NULL AUTO_INCREMENT, `roomTypeID` int(10) unsigned NOT NULL, `memberID` int(10) unsigned NOT NULL, `groupID` int(10) unsigned NOT NULL, `profileID` int(10) unsigned NOT NULL DEFAULT '0', `roomName` varchar(128) NOT NULL, `roomExtNumber` varchar(64) NOT NULL, `roomDescription` text, `roomPIN` varchar(64) DEFAULT NULL, `roomModeratorPIN` varchar(64) DEFAULT NULL, `roomLocked` int(1) unsigned NOT NULL DEFAULT '0', `roomEnabled` int(1) unsigned NOT NULL DEFAULT '0', `roomKey` varchar(80) DEFAULT NULL, `roomModeratorKey` varchar(80) DEFAULT NULL, `roomMuted` int(1) unsigned NOT NULL DEFAULT '0', `roomSilenced` int(1) unsigned NOT NULL DEFAULT '0', `roomVideoMuted` int(1) unsigned NOT NULL DEFAULT '0', `roomVideoSilenced` int(1) unsigned NOT NULL DEFAULT '0', `lectureMode` int(1) DEFAULT '0', `recurring` int(11) DEFAULT '0', `last_used` timestamp NOT NULL DEFAULT '0000-00-00 00:00:00', PRIMARY KEY (`roomID`));
INSERT INTO `Room` (`roomID`, `roomTypeID`, `memberID`, `groupID`, `roomName`, `roomExtNumber`) VALUES (1, 2, 1, 1, 'RoomName', 1);
INSERT INTO `Room` (`roomID`, `roomTypeID`, `memberID`, `groupID`, `roomName`, `roomExtNumber`) VALUES (2, 4, 2, 2, 'RoomName2', 2);
INSERT INTO `Room` (`roomID`, `roomTypeID`, `memberID`, `groupID`, `roomName`, `roomExtNumber`) VALUES (3, 1, 3, 1, 'RoomName3', 2);
INSERT INTO `Room` (`roomID`, `roomTypeID`, `memberID`, `groupID`, `roomName`, `roomExtNumber`) VALUES (4, 3, 4, 2, 'RoomName4', 2);


DROP TABLE IF EXISTS `Member`;
CREATE TABLE `Member` ( `memberID` int(10) unsigned NOT NULL AUTO_INCREMENT, `roleID` int(10) unsigned DEFAULT NULL, `tenantID` int(10) unsigned DEFAULT NULL, `langID` int(10) unsigned NOT NULL, `profileID` int(10) unsigned DEFAULT NULL, `proxyID` int(10) unsigned DEFAULT NULL, `locationID` int(10) unsigned DEFAULT NULL, `modeID` int(10) DEFAULT '1' COMMENT 'Member mode - Available, Away, Do Not Disturb', `username` varchar(40) NOT NULL, `password` varchar(40) NOT NULL, `memberName` varchar(128) DEFAULT NULL, `active` int(1) NOT NULL DEFAULT '1', `allowedToParticipate` int(1) NOT NULL DEFAULT '1', `emailAddress` varchar(128) NOT NULL, `memberCreated` int(11) NOT NULL, `location` varchar(128) DEFAULT NULL, `description` text, `passKey` varchar(40) DEFAULT NULL, `passTime` int(10) DEFAULT NULL, `defaultEndpointGUID` varchar(64) DEFAULT NULL, `pak` varchar(40) DEFAULT NULL COMMENT 'Portal Access Key', `pak2` varchar(100) DEFAULT NULL COMMENT 'Portal Access Key 2', `bak` varchar(40) DEFAULT NULL COMMENT 'Browser Access Key', `sak` varchar(40) DEFAULT NULL COMMENT 'Service Access Key', `bindUserRequestID` varchar(10) DEFAULT NULL, `importedUsed` int(1) unsigned DEFAULT '0', `bak_creation_time` timestamp NOT NULL DEFAULT CURRENT_TIMESTAMP, `loginFailureCount` int(11) NOT NULL DEFAULT '0', PRIMARY KEY (`memberID`));
INSERT INTO `Member` (`memberID`, `roleID`, `tenantID`, `langID`, `username`, `password`, `emailAddress`, `memberCreated`, `active`, `memberName`) VALUES (1, 1, 1, 1, 'userName', 'password', 'email@a.a', 1, 0, 'memberName1');
INSERT INTO `Member` (`memberID`, `roleID`, `tenantID`, `langID`, `username`, `password`, `emailAddress`, `memberCreated`, `active`, `memberName`) VALUES (2, 2, 2, 2, 'userName2', 'password2', 'email@a.a', 2, 1, 'memberName2');
INSERT INTO `Member` (`memberID`, `roleID`, `tenantID`, `langID`, `username`, `password`, `emailAddress`, `memberCreated`, `active`, `memberName`) VALUES (3, 3, 1, 2, 'userName3', 'password3', 'email@a.a', 3, 1, 'memberName3');
INSERT INTO `Member` (`memberID`, `roleID`, `tenantID`, `langID`, `username`, `password`, `emailAddress`, `memberCreated`, `active`, `memberName`) VALUES (4, 2, 2, 2, 'userName4', 'password4', 'email4@a.a', 4, 1, 'memberName4');

-- SET FOREIGN_KEY_CHECKS=1;